trade_id,symbol,side,lots,open_time,close_time,pnl,commission,swap,mae
1,EURUSD,SELL,1.00,2026-06-01T15:54:00+00:00,2026-06-01T20:12:00+00:00,984.04,-7,0,271.56
2,EURUSD,BUY,1.00,2026-06-02T09:06:00+00:00,2026-06-02T13:14:00+00:00,372.54,-7,0,195.16
3,EURUSD,BUY,1.00,2026-06-02T13:28:00+00:00,2026-06-02T15:08:00+00:00,-574.27,-7,0,581.52
4,EURUSD,BUY,1.00,2026-06-03T10:38:00+00:00,2026-06-03T11:13:00+00:00,-346.83,-7,0,387.82
5,EURUSD,SELL,1.00,2026-06-04T10:40:00+00:00,2026-06-04T13:30:00+00:00,-498.1,-7,0,543.66
6,EURUSD,SELL,1.00,2026-06-04T13:35:00+00:00,2026-06-04T14:37:00+00:00,-341.87,-7,0,357.57
7,EURUSD,BUY,1.00,2026-06-05T08:36:00+00:00,2026-06-05T09:51:00+00:00,977.27,-7,0,346.55
8,EURUSD,SELL,1.00,2026-06-08T07:13:00+00:00,2026-06-08T09:20:00+00:00,-223.55,-7,0,240.34
9,EURUSD,SELL,1.00,2026-06-08T13:04:00+00:00,2026-06-08T15:05:00+00:00,-321.4,-7,0,327.0
10,EURUSD,SELL,1.00,2026-06-09T13:48:00+00:00,2026-06-09T15:08:00+00:00,865.61,-7,0,176.92
11,EURUSD,BUY,1.00,2026-06-10T09:43:00+00:00,2026-06-10T11:39:00+00:00,452.55,-7,0,223.0
12,EURUSD,SELL,1.00,2026-06-11T13:07:00+00:00,2026-06-11T16:49:00+00:00,470.29,-7,0,144.81
13,EURUSD,BUY,1.00,2026-06-12T10:11:00+00:00,2026-06-12T13:52:00+00:00,-470.91,-7,0,525.25
14,EURUSD,SELL,1.00,2026-06-15T10:28:00+00:00,2026-06-15T13:00:00+00:00,788.27,-7,0,419.45
15,EURUSD,SELL,1.00,2026-06-16T08:05:00+00:00,2026-06-16T10:11:00+00:00,-309.36,-7,0,346.56
16,EURUSD,BUY,1.00,2026-06-17T14:08:00+00:00,2026-06-17T18:35:00+00:00,-261.08,-7,0,281.24
17,EURUSD,BUY,1.00,2026-06-17T11:58:00+00:00,2026-06-17T14:14:00+00:00,-312.27,-7,0,324.12
18,EURUSD,BUY,1.00,2026-06-18T13:56:00+00:00,2026-06-18T18:23:00+00:00,-389.66,-7,0,397.75
19,EURUSD,SELL,1.00,2026-06-18T15:16:00+00:00,2026-06-18T17:38:00+00:00,-376.22,-7,0,407.88
20,EURUSD,BUY,1.00,2026-06-19T15:11:00+00:00,2026-06-19T16:06:00+00:00,683.44,-7,0,315.34
21,EURUSD,BUY,1.00,2026-06-22T10:58:00+00:00,2026-06-22T13:02:00+00:00,-231.12,-7,0,250.14
22,EURUSD,SELL,1.00,2026-06-23T07:11:00+00:00,2026-06-23T09:55:00+00:00,757.74,-7,0,191.43
23,EURUSD,BUY,1.00,2026-06-24T14:21:00+00:00,2026-06-24T19:08:00+00:00,-263.16,-7,0,265.01
24,EURUSD,SELL,1.00,2026-06-25T12:44:00+00:00,2026-06-25T15:43:00+00:00,-209.57,-7,0,236.24
25,EURUSD,BUY,1.00,2026-06-26T11:20:00+00:00,2026-06-26T12:49:00+00:00,-233.87,-7,0,259.41
26,EURUSD,SELL,1.00,2026-06-29T09:50:00+00:00,2026-06-29T13:04:00+00:00,848.12,-7,0,475.23
27,EURUSD,BUY,1.00,2026-06-29T07:55:00+00:00,2026-06-29T12:30:00+00:00,-481.23,-7,0,518.03
28,EURUSD,SELL,1.00,2026-06-30T08:05:00+00:00,2026-06-30T09:11:00+00:00,-646.99,-7,0,760.83
29,EURUSD,BUY,1.00,2026-06-30T13:59:00+00:00,2026-06-30T18:13:00+00:00,970.7,-7,0,226.67
30,EURUSD,SELL,1.00,2026-07-01T08:30:00+00:00,2026-07-01T09:01:00+00:00,858.67,-7,0,342.52
31,EURUSD,SELL,1.00,2026-07-02T07:23:00+00:00,2026-07-02T10:17:00+00:00,789.41,-7,0,321.57
32,EURUSD,SELL,1.00,2026-07-03T14:31:00+00:00,2026-07-03T16:54:00+00:00,832.72,-7,0,232.66
33,EURUSD,BUY,1.00,2026-07-03T10:56:00+00:00,2026-07-03T13:05:00+00:00,766.49,-7,0,250.33
34,EURUSD,BUY,1.00,2026-07-06T14:22:00+00:00,2026-07-06T15:02:00+00:00,-627.5,-7,0,662.24
35,EURUSD,SELL,1.00,2026-07-07T14:30:00+00:00,2026-07-07T17:10:00+00:00,-573.9,-7,0,617.81
36,EURUSD,BUY,1.00,2026-07-08T12:45:00+00:00,2026-07-08T16:56:00+00:00,962.98,-7,0,299.73
37,EURUSD,BUY,1.00,2026-07-08T11:36:00+00:00,2026-07-08T14:57:00+00:00,933.21,-7,0,193.78
38,EURUSD,BUY,1.00,2026-07-09T14:12:00+00:00,2026-07-09T14:44:00+00:00,-319.89,-7,0,369.75
39,EURUSD,BUY,1.00,2026-07-10T08:28:00+00:00,2026-07-10T09:43:00+00:00,-494.77,-7,0,574.66
40,EURUSD,BUY,1.00,2026-07-10T10:12:00+00:00,2026-07-10T14:35:00+00:00,871.38,-7,0,437.45
41,EURUSD,BUY,1.00,2026-07-13T10:17:00+00:00,2026-07-13T13:34:00+00:00,-626.07,-7,0,688.73
42,EURUSD,SELL,1.00,2026-07-14T10:05:00+00:00,2026-07-14T13:55:00+00:00,-525.07,-7,0,538.71
43,EURUSD,BUY,1.00,2026-07-15T07:24:00+00:00,2026-07-15T12:01:00+00:00,-624.92,-7,0,682.88
44,EURUSD,SELL,1.00,2026-07-16T08:13:00+00:00,2026-07-16T10:37:00+00:00,-641.22,-7,0,766.56
45,EURUSD,SELL,1.00,2026-07-17T07:22:00+00:00,2026-07-17T12:00:00+00:00,652.72,-7,0,274.22
46,EURUSD,BUY,1.00,2026-07-20T07:13:00+00:00,2026-07-20T08:05:00+00:00,328.08,-7,0,135.58
47,EURUSD,SELL,1.00,2026-07-21T09:33:00+00:00,2026-07-21T14:18:00+00:00,-510.22,-7,0,606.73
48,EURUSD,BUY,1.00,2026-07-22T08:48:00+00:00,2026-07-22T11:01:00+00:00,747.02,-7,0,397.76
49,EURUSD,BUY,1.00,2026-07-22T15:32:00+00:00,2026-07-22T18:03:00+00:00,604.97,-7,0,325.54
50,EURUSD,BUY,1.00,2026-07-23T09:34:00+00:00,2026-07-23T14:22:00+00:00,698.12,-7,0,254.42
51,EURUSD,SELL,1.00,2026-07-24T07:38:00+00:00,2026-07-24T11:11:00+00:00,1075.52,-7,0,437.1
52,EURUSD,SELL,1.00,2026-07-24T15:51:00+00:00,2026-07-24T17:13:00+00:00,-510.94,-7,0,517.67
53,EURUSD,SELL,1.00,2026-07-27T13:17:00+00:00,2026-07-27T15:43:00+00:00,-257.14,-7,0,279.44
54,EURUSD,BUY,1.00,2026-07-28T12:06:00+00:00,2026-07-28T14:04:00+00:00,323.53,-7,0,98.38
55,EURUSD,SELL,1.00,2026-07-28T07:12:00+00:00,2026-07-28T08:51:00+00:00,849.63,-7,0,279.39
56,EURUSD,SELL,1.00,2026-07-29T14:06:00+00:00,2026-07-29T18:41:00+00:00,-255.25,-7,0,281.31
57,EURUSD,BUY,1.00,2026-07-30T10:44:00+00:00,2026-07-30T15:35:00+00:00,-210.46,-7,0,237.1
58,EURUSD,BUY,1.00,2026-07-30T15:13:00+00:00,2026-07-30T20:06:00+00:00,-438.33,-7,0,512.96
59,EURUSD,BUY,1.00,2026-07-31T12:57:00+00:00,2026-07-31T14:49:00+00:00,551.99,-7,0,314.14
60,EURUSD,SELL,1.00,2026-08-03T08:08:00+00:00,2026-08-03T10:30:00+00:00,370.52,-7,0,131.59
61,EURUSD,BUY,1.00,2026-08-04T15:50:00+00:00,2026-08-04T17:14:00+00:00,802.39,-7,0,416.88
62,EURUSD,BUY,1.00,2026-08-05T12:58:00+00:00,2026-08-05T16:22:00+00:00,704.54,-7,0,354.57
63,EURUSD,SELL,1.00,2026-08-06T14:06:00+00:00,2026-08-06T14:38:00+00:00,741.34,-7,0,300.93
64,EURUSD,BUY,1.00,2026-08-07T10:11:00+00:00,2026-08-07T11:29:00+00:00,972.17,-7,0,579.53
65,EURUSD,SELL,1.00,2026-08-10T07:08:00+00:00,2026-08-10T11:24:00+00:00,377.37,-7,0,134.48
66,EURUSD,BUY,1.00,2026-08-10T15:22:00+00:00,2026-08-10T19:22:00+00:00,598.52,-7,0,271.49
67,EURUSD,BUY,1.00,2026-08-11T09:26:00+00:00,2026-08-11T13:38:00+00:00,596.16,-7,0,339.06
68,EURUSD,SELL,1.00,2026-08-12T15:50:00+00:00,2026-08-12T16:17:00+00:00,367.86,-7,0,197.45
69,EURUSD,BUY,1.00,2026-08-13T10:32:00+00:00,2026-08-13T13:46:00+00:00,-316.22,-7,0,373.85
70,EURUSD,BUY,1.00,2026-08-13T13:08:00+00:00,2026-08-13T16:16:00+00:00,-512.66,-7,0,591.33
71,EURUSD,BUY,1.00,2026-08-14T10:46:00+00:00,2026-08-14T12:40:00+00:00,573.37,-7,0,222.2
72,EURUSD,SELL,1.00,2026-08-17T07:14:00+00:00,2026-08-17T09:53:00+00:00,-499.74,-7,0,533.5
73,EURUSD,BUY,1.00,2026-08-18T09:34:00+00:00,2026-08-18T10:33:00+00:00,1099.91,-7,0,502.56
74,EURUSD,SELL,1.00,2026-08-18T13:36:00+00:00,2026-08-18T14:07:00+00:00,386.45,-7,0,113.93
75,EURUSD,SELL,1.00,2026-08-19T15:03:00+00:00,2026-08-19T17:03:00+00:00,-204.85,-7,0,215.44
76,EURUSD,BUY,1.00,2026-08-20T15:34:00+00:00,2026-08-20T20:14:00+00:00,716.54,-7,0,385.9
77,EURUSD,SELL,1.00,2026-08-21T14:51:00+00:00,2026-08-21T15:50:00+00:00,-500.79,-7,0,596.48
78,EURUSD,BUY,1.00,2026-08-21T09:24:00+00:00,2026-08-21T13:45:00+00:00,-585.05,-7,0,648.46
79,EURUSD,SELL,1.00,2026-08-24T14:26:00+00:00,2026-08-24T17:11:00+00:00,-469.02,-7,0,503.31
80,EURUSD,BUY,1.00,2026-08-25T11:35:00+00:00,2026-08-25T14:20:00+00:00,-536.49,-7,0,539.37
81,EURUSD,SELL,1.00,2026-08-26T07:40:00+00:00,2026-08-26T09:20:00+00:00,847.46,-7,0,187.39
82,EURUSD,SELL,1.00,2026-08-26T13:03:00+00:00,2026-08-26T16:06:00+00:00,1024.44,-7,0,380.89
83,EURUSD,BUY,1.00,2026-08-27T10:02:00+00:00,2026-08-27T14:49:00+00:00,948.13,-7,0,534.55
84,EURUSD,BUY,1.00,2026-08-28T08:03:00+00:00,2026-08-28T11:56:00+00:00,462.93,-7,0,102.23
85,EURUSD,SELL,1.00,2026-08-31T12:28:00+00:00,2026-08-31T13:59:00+00:00,-405.0,-7,0,426.23
86,EURUSD,BUY,1.00,2026-09-01T15:52:00+00:00,2026-09-01T17:22:00+00:00,-530.43,-7,0,555.72
87,EURUSD,BUY,1.00,2026-09-02T11:50:00+00:00,2026-09-02T16:29:00+00:00,-361.63,-7,0,381.27
88,EURUSD,BUY,1.00,2026-09-02T11:48:00+00:00,2026-09-02T14:10:00+00:00,499.17,-7,0,295.45
89,EURUSD,BUY,1.00,2026-09-03T07:40:00+00:00,2026-09-03T08:31:00+00:00,507.62,-7,0,106.99
90,EURUSD,BUY,1.00,2026-09-03T08:14:00+00:00,2026-09-03T13:11:00+00:00,904.63,-7,0,511.26
91,EURUSD,SELL,1.00,2026-09-04T10:40:00+00:00,2026-09-04T14:11:00+00:00,-359.34,-7,0,383.65
92,EURUSD,BUY,1.00,2026-09-04T09:53:00+00:00,2026-09-04T10:51:00+00:00,-401.29,-7,0,467.27
93,EURUSD,SELL,1.00,2026-09-07T13:47:00+00:00,2026-09-07T16:19:00+00:00,420.55,-7,0,109.93
94,EURUSD,SELL,1.00,2026-09-08T15:48:00+00:00,2026-09-08T17:42:00+00:00,595.41,-7,0,142.19
95,EURUSD,SELL,1.00,2026-09-09T15:05:00+00:00,2026-09-09T19:06:00+00:00,-418.19,-7,0,475.51
96,EURUSD,SELL,1.00,2026-09-10T08:19:00+00:00,2026-09-10T10:28:00+00:00,-471.67,-7,0,537.24
97,EURUSD,BUY,1.00,2026-09-11T12:18:00+00:00,2026-09-11T13:51:00+00:00,825.81,-7,0,273.2
98,EURUSD,SELL,1.00,2026-09-11T12:45:00+00:00,2026-09-11T16:50:00+00:00,-613.35,-7,0,728.65
99,EURUSD,BUY,1.00,2026-09-14T15:51:00+00:00,2026-09-14T18:47:00+00:00,476.97,-7,0,280.03
100,EURUSD,BUY,1.00,2026-09-15T12:53:00+00:00,2026-09-15T16:20:00+00:00,841.6,-7,0,365.19
101,EURUSD,BUY,1.00,2026-09-16T12:51:00+00:00,2026-09-16T16:30:00+00:00,-576.37,-7,0,641.24
102,EURUSD,BUY,1.00,2026-09-16T08:48:00+00:00,2026-09-16T13:00:00+00:00,-326.65,-7,0,328.1
103,EURUSD,BUY,1.00,2026-09-17T09:36:00+00:00,2026-09-17T12:27:00+00:00,-493.04,-7,0,572.35
104,EURUSD,SELL,1.00,2026-09-17T15:19:00+00:00,2026-09-17T20:18:00+00:00,365.34,-7,0,180.78
105,EURUSD,BUY,1.00,2026-09-18T07:40:00+00:00,2026-09-18T09:13:00+00:00,953.0,-7,0,351.49
106,EURUSD,BUY,1.00,2026-09-21T15:21:00+00:00,2026-09-21T19:36:00+00:00,570.25,-7,0,334.91
107,EURUSD,SELL,1.00,2026-09-22T14:34:00+00:00,2026-09-22T15:31:00+00:00,-611.74,-7,0,661.98
108,EURUSD,SELL,1.00,2026-09-23T13:53:00+00:00,2026-09-23T14:58:00+00:00,-631.0,-7,0,711.8
109,EURUSD,BUY,1.00,2026-09-24T07:51:00+00:00,2026-09-24T09:07:00+00:00,636.37,-7,0,164.49
110,EURUSD,SELL,1.00,2026-09-24T13:43:00+00:00,2026-09-24T15:28:00+00:00,611.46,-7,0,251.69
111,EURUSD,BUY,1.00,2026-09-25T14:19:00+00:00,2026-09-25T15:37:00+00:00,424.41,-7,0,241.02
112,EURUSD,BUY,1.00,2026-09-28T07:37:00+00:00,2026-09-28T12:03:00+00:00,-216.37,-7,0,221.07
113,EURUSD,SELL,1.00,2026-09-29T10:37:00+00:00,2026-09-29T12:57:00+00:00,-412.36,-7,0,454.31
114,EURUSD,SELL,1.00,2026-09-30T11:25:00+00:00,2026-09-30T13:13:00+00:00,-621.81,-7,0,699.75
115,EURUSD,BUY,1.00,2026-10-01T14:56:00+00:00,2026-10-01T18:42:00+00:00,-353.93,-7,0,392.67
116,EURUSD,SELL,1.00,2026-10-02T10:25:00+00:00,2026-10-02T11:10:00+00:00,407.43,-7,0,211.58
117,EURUSD,BUY,1.00,2026-10-05T10:57:00+00:00,2026-10-05T11:22:00+00:00,-607.35,-7,0,662.01
118,EURUSD,BUY,1.00,2026-10-06T13:38:00+00:00,2026-10-06T15:18:00+00:00,917.55,-7,0,236.63
119,EURUSD,BUY,1.00,2026-10-06T11:33:00+00:00,2026-10-06T16:26:00+00:00,757.5,-7,0,205.52
120,EURUSD,SELL,1.00,2026-10-07T09:05:00+00:00,2026-10-07T12:25:00+00:00,873.22,-7,0,208.58
